http://www.jptacek.com/2014/12/23/index.html, http://www.jptacek.com/2014/12/23/index/
http://www.jptacek.com/2014/12/12/index.html, http://www.jptacek.com/2014/12/12/index/
http://www.jptacek.com/2014/12/10/index.html, http://www.jptacek.com/2014/12/10/index/
http://www.jptacek.com/2014/08/12/index.html, http://www.jptacek.com/2014/08/12/index/
http://www.jptacek.com/2014/07/10/index.html, http://www.jptacek.com/2014/07/10/index/
http://www.jptacek.com/2014/06/03/index.html, http://www.jptacek.com/2014/06/03/index/
http://www.jptacek.com/2014/05/19/index.html, http://www.jptacek.com/2014/05/19/index/
http://www.jptacek.com/2014/05/18/index.html, http://www.jptacek.com/2014/05/18/index/
http://www.jptacek.com/2014/05/08/index.html, http://www.jptacek.com/2014/05/08/index/
http://www.jptacek.com/2014/04/10/index.html, http://www.jptacek.com/2014/04/10/index/
http://www.jptacek.com/2014/04/02/index.html, http://www.jptacek.com/2014/04/02/index/
http://www.jptacek.com/2014/03/18/index.html, http://www.jptacek.com/2014/03/18/index/
http://www.jptacek.com/2014/03/17/index.html, http://www.jptacek.com/2014/03/17/index/
http://www.jptacek.com/2014/03/14/index.html, http://www.jptacek.com/2014/03/14/index/
http://www.jptacek.com/2014/03/02/index.html, http://www.jptacek.com/2014/03/02/index/
http://www.jptacek.com/2014/02/28/index.html, http://www.jptacek.com/2014/02/28/index/
http://www.jptacek.com/2014/02/25/index.html, http://www.jptacek.com/2014/02/25/index/
http://www.jptacek.com/2014/02/10/index.html, http://www.jptacek.com/2014/02/10/index/
http://www.jptacek.com/2014/01/24/index.html, http://www.jptacek.com/2014/01/24/index/
http://www.jptacek.com/2014/01/23/index.html, http://www.jptacek.com/2014/01/23/index/
http://www.jptacek.com/2014/01/21/index.html, http://www.jptacek.com/2014/01/21/index/
http://www.jptacek.com/2014/01/11/index.html, http://www.jptacek.com/2014/01/11/index/
http://www.jptacek.com/2014/01/08/index.html, http://www.jptacek.com/2014/01/08/index/
http://www.jptacek.com/2014/01/01/index.html, http://www.jptacek.com/2014/01/01/index/
http://www.jptacek.com/2013/12/29/index.html, http://www.jptacek.com/2013/12/29/index/
http://www.jptacek.com/2013/12/28/index.html, http://www.jptacek.com/2013/12/28/index/
http://www.jptacek.com/2013/12/12/index.html, http://www.jptacek.com/2013/12/12/index/
http://www.jptacek.com/2013/11/18/index.html, http://www.jptacek.com/2013/11/18/index/
http://www.jptacek.com/2013/10/31/index.html, http://www.jptacek.com/2013/10/31/index/
http://www.jptacek.com/2013/10/21/index.html, http://www.jptacek.com/2013/10/21/index/
http://www.jptacek.com/2013/10/03/index.html, http://www.jptacek.com/2013/10/03/index/
http://www.jptacek.com/2013/10/01/index.html, http://www.jptacek.com/2013/10/01/index/
http://www.jptacek.com/2013/09/20/index.html, http://www.jptacek.com/2013/09/20/index/
http://www.jptacek.com/2013/08/12/index.html, http://www.jptacek.com/2013/08/12/index/
http://www.jptacek.com/2013/06/14/index.html, http://www.jptacek.com/2013/06/14/index/
http://www.jptacek.com/2013/05/21/index.html, http://www.jptacek.com/2013/05/21/index/
http://www.jptacek.com/2013/05/14/index.html, http://www.jptacek.com/2013/05/14/index/
http://www.jptacek.com/2013/05/05/index.html, http://www.jptacek.com/2013/05/05/index/
http://www.jptacek.com/2013/04/30/index.html, http://www.jptacek.com/2013/04/30/index/
http://www.jptacek.com/2013/04/29/index.html, http://www.jptacek.com/2013/04/29/index/
http://www.jptacek.com/2013/04/28/index.html, http://www.jptacek.com/2013/04/28/index/
http://www.jptacek.com/2013/04/18/index.html, http://www.jptacek.com/2013/04/18/index/
http://www.jptacek.com/2013/04/13/index.html, http://www.jptacek.com/2013/04/13/index/
http://www.jptacek.com/2013/03/28/index.html, http://www.jptacek.com/2013/03/28/index/
http://www.jptacek.com/2013/03/15/index.html, http://www.jptacek.com/2013/03/15/index/
http://www.jptacek.com/2013/03/05/index.html, http://www.jptacek.com/2013/03/05/index/
http://www.jptacek.com/2013/02/27/index.html, http://www.jptacek.com/2013/02/27/index/
http://www.jptacek.com/2013/02/22/index.html, http://www.jptacek.com/2013/02/22/index/
http://www.jptacek.com/2013/02/15/index.html, http://www.jptacek.com/2013/02/15/index/
http://www.jptacek.com/2013/02/13/index.html, http://www.jptacek.com/2013/02/13/index/
http://www.jptacek.com/2013/02/11/index.html, http://www.jptacek.com/2013/02/11/index/
http://www.jptacek.com/2013/01/17/index.html, http://www.jptacek.com/2013/01/17/index/
http://www.jptacek.com/2012/11/22/index.html, http://www.jptacek.com/2012/11/22/index/
http://www.jptacek.com/2012/10/19/index.html, http://www.jptacek.com/2012/10/19/index/
http://www.jptacek.com/2012/10/08/index.html, http://www.jptacek.com/2012/10/08/index/
http://www.jptacek.com/2012/09/18/index.html, http://www.jptacek.com/2012/09/18/index/
http://www.jptacek.com/2012/09/10/index.html, http://www.jptacek.com/2012/09/10/index/
http://www.jptacek.com/2012/08/20/index.html, http://www.jptacek.com/2012/08/20/index/
http://www.jptacek.com/2012/08/20/index.html, http://www.jptacek.com/2012/08/20/index/
http://www.jptacek.com/2012/07/20/index.html, http://www.jptacek.com/2012/07/20/index/
http://www.jptacek.com/2012/04/18/index.html, http://www.jptacek.com/2012/04/18/index/
http://www.jptacek.com/2012/03/22/index.html, http://www.jptacek.com/2012/03/22/index/
http://www.jptacek.com/2012/03/21/index.html, http://www.jptacek.com/2012/03/21/index/
http://www.jptacek.com/2011/12/21/index.html, http://www.jptacek.com/2011/12/21/index/
http://www.jptacek.com/2011/09/29/index.html, http://www.jptacek.com/2011/09/29/index/
http://www.jptacek.com/2011/06/28/index.html, http://www.jptacek.com/2011/06/28/index/
http://www.jptacek.com/2011/06/24/index.html, http://www.jptacek.com/2011/06/24/index/
http://www.jptacek.com/2011/06/10/index.html, http://www.jptacek.com/2011/06/10/index/
http://www.jptacek.com/2011/06/06/index.html, http://www.jptacek.com/2011/06/06/index/
http://www.jptacek.com/2011/05/11/index.html, http://www.jptacek.com/2011/05/11/index/
http://www.jptacek.com/2011/04/25/index.html, http://www.jptacek.com/2011/04/25/index/
http://www.jptacek.com/2011/04/25/index.html, http://www.jptacek.com/2011/04/25/index/
http://www.jptacek.com/2011/04/13/index.html, http://www.jptacek.com/2011/04/13/index/
http://www.jptacek.com/2011/03/25/index.html, http://www.jptacek.com/2011/03/25/index/
